certificateId,event,eventTrack,participantName,verificationUrl,qrFilename,qrPath
AIK26-0001,Open Sesame,Technical Quiz & Puzzle Challenge,Aarav Sharma,https://your-username.github.io/your-repo-name/verify/?id=AIK26-0001,AIK26-0001_OpenSesame.png,certificates/qrs/AIK26-0001_OpenSesame.png
AIK26-0002,Open Sesame,Technical Quiz & Puzzle Challenge,Kavya Sree N.,https://your-username.github.io/your-repo-name/verify/?id=AIK26-0002,AIK26-0002_OpenSesame.png,certificates/qrs/AIK26-0002_OpenSesame.png
AIK26-0003,Open Sesame,Technical Quiz & Puzzle Challenge,Rohan Varma,https://your-username.github.io/your-repo-name/verify/?id=AIK26-0003,AIK26-0003_OpenSesame.png,certificates/qrs/AIK26-0003_OpenSesame.png
AIK26-0004,Open Sesame,Technical Quiz & Puzzle Challenge,Sneha Chowdary,https://your-username.github.io/your-repo-name/verify/?id=AIK26-0004,AIK26-0004_OpenSesame.png,certificates/qrs/AIK26-0004_OpenSesame.png
AIK26-0005,Open Sesame,Technical Quiz & Puzzle Challenge,Tharun Goud,https://your-username.github.io/your-repo-name/verify/?id=AIK26-0005,AIK26-0005_OpenSesame.png,certificates/qrs/AIK26-0005_OpenSesame.png
AIK26-0006,Open Sesame,Technical Quiz & Puzzle Challenge,Divya Teja,https://your-username.github.io/your-repo-name/verify/?id=AIK26-0006,AIK26-0006_OpenSesame.png,certificates/qrs/AIK26-0006_OpenSesame.png
AIK26-0007,Code Warz,Competitive Programming,Pooja Reddy,https://your-username.github.io/your-repo-name/verify/?id=AIK26-0007,AIK26-0007_CodeWarz.png,certificates/qrs/AIK26-0007_CodeWarz.png
AIK26-0008,Code Warz,Competitive Programming,Manoj Kumar P.,https://your-username.github.io/your-repo-name/verify/?id=AIK26-0008,AIK26-0008_CodeWarz.png,certificates/qrs/AIK26-0008_CodeWarz.png
AIK26-0009,Code Warz,Competitive Programming,Vikram Aditya,https://your-username.github.io/your-repo-name/verify/?id=AIK26-0009,AIK26-0009_CodeWarz.png,certificates/qrs/AIK26-0009_CodeWarz.png
AIK26-0010,Code Warz,Competitive Programming,Ananya Sri,https://your-username.github.io/your-repo-name/verify/?id=AIK26-0010,AIK26-0010_CodeWarz.png,certificates/qrs/AIK26-0010_CodeWarz.png
AIK26-0011,Code Warz,Competitive Programming,Karthik Raju,https://your-username.github.io/your-repo-name/verify/?id=AIK26-0011,AIK26-0011_CodeWarz.png,certificates/qrs/AIK26-0011_CodeWarz.png
AIK26-0012,Code Warz,Competitive Programming,Harshitha Rao,https://your-username.github.io/your-repo-name/verify/?id=AIK26-0012,AIK26-0012_CodeWarz.png,certificates/qrs/AIK26-0012_CodeWarz.png
AIK26-0013,World of Agents,AI & Automation Challenge,Sai Teja Varma,https://your-username.github.io/your-repo-name/verify/?id=AIK26-0013,AIK26-0013_WorldofAgents.png,certificates/qrs/AIK26-0013_WorldofAgents.png
AIK26-0014,World of Agents,AI & Automation Challenge,Bhavana Chodavarapu,https://your-username.github.io/your-repo-name/verify/?id=AIK26-0014,AIK26-0014_WorldofAgents.png,certificates/qrs/AIK26-0014_WorldofAgents.png
AIK26-0015,World of Agents,AI & Automation Challenge,Akhil Krishna,https://your-username.github.io/your-repo-name/verify/?id=AIK26-0015,AIK26-0015_WorldofAgents.png,certificates/qrs/AIK26-0015_WorldofAgents.png
AIK26-0016,World of Agents,AI & Automation Challenge,Meenakshi Pillai,https://your-username.github.io/your-repo-name/verify/?id=AIK26-0016,AIK26-0016_WorldofAgents.png,certificates/qrs/AIK26-0016_WorldofAgents.png
AIK26-0017,World of Agents,AI & Automation Challenge,Pradeep Varma,https://your-username.github.io/your-repo-name/verify/?id=AIK26-0017,AIK26-0017_WorldofAgents.png,certificates/qrs/AIK26-0017_WorldofAgents.png
AIK26-0018,World of Agents,AI & Automation Challenge,Rithika Jain,https://your-username.github.io/your-repo-name/verify/?id=AIK26-0018,AIK26-0018_WorldofAgents.png,certificates/qrs/AIK26-0018_WorldofAgents.png
