certificateId,phone,name,event,eventTrack,college,certificateType,date
AIK26-0001,9800000001,Open Sesame Winner 1,Open Sesame,Technical Quiz & Puzzle Challenge,R.V.R. & J.C. College of Engineering,Certificate of Merit,09 October 2026
AIK26-0002,9800000002,Open Sesame Winner 2,Open Sesame,Technical Quiz & Puzzle Challenge,R.V.R. & J.C. College of Engineering,Certificate of Merit,09 October 2026
AIK26-0003,9800000003,Open Sesame Winner 3,Open Sesame,Technical Quiz & Puzzle Challenge,R.V.R. & J.C. College of Engineering,Certificate of Merit,09 October 2026
AIK26-0004,9800000004,Open Sesame Participant 1,Open Sesame,Technical Quiz & Puzzle Challenge,R.V.R. & J.C. College of Engineering,Certificate of Participation,09 October 2026
AIK26-0005,9800000005,Open Sesame Participant 2,Open Sesame,Technical Quiz & Puzzle Challenge,R.V.R. & J.C. College of Engineering,Certificate of Participation,09 October 2026
AIK26-0006,9800000006,Open Sesame Participant 3,Open Sesame,Technical Quiz & Puzzle Challenge,R.V.R. & J.C. College of Engineering,Certificate of Participation,09 October 2026
AIK26-0007,9800000007,Code Warz Winner 1,Code Warz,Competitive Programming,R.V.R. & J.C. College of Engineering,Certificate of Merit,09 October 2026
AIK26-0008,9800000008,Code Warz Winner 2,Code Warz,Competitive Programming,R.V.R. & J.C. College of Engineering,Certificate of Merit,09 October 2026
AIK26-0009,9800000009,Code Warz Winner 3,Code Warz,Competitive Programming,R.V.R. & J.C. College of Engineering,Certificate of Merit,09 October 2026
AIK26-0010,9800000010,Code Warz Participant 1,Code Warz,Competitive Programming,R.V.R. & J.C. College of Engineering,Certificate of Participation,09 October 2026
AIK26-0011,9800000011,Code Warz Participant 2,Code Warz,Competitive Programming,R.V.R. & J.C. College of Engineering,Certificate of Participation,09 October 2026
AIK26-0012,9800000012,Code Warz Participant 3,Code Warz,Competitive Programming,R.V.R. & J.C. College of Engineering,Certificate of Participation,09 October 2026
AIK26-0013,9800000013,World of Agents Winner 1,World of Agents,AI & Automation Challenge,R.V.R. & J.C. College of Engineering,Certificate of Merit,09 October 2026
AIK26-0014,9800000014,World of Agents Winner 2,World of Agents,AI & Automation Challenge,R.V.R. & J.C. College of Engineering,Certificate of Merit,09 October 2026
AIK26-0015,9800000015,World of Agents Winner 3,World of Agents,AI & Automation Challenge,R.V.R. & J.C. College of Engineering,Certificate of Merit,09 October 2026
AIK26-0016,9800000016,World of Agents Participant 1,World of Agents,AI & Automation Challenge,R.V.R. & J.C. College of Engineering,Certificate of Participation,09 October 2026
AIK26-0017,9800000017,World of Agents Participant 2,World of Agents,AI & Automation Challenge,R.V.R. & J.C. College of Engineering,Certificate of Participation,09 October 2026
AIK26-0018,9800000018,World of Agents Participant 3,World of Agents,AI & Automation Challenge,R.V.R. & J.C. College of Engineering,Certificate of Participation,09 October 2026
